{
  "source": "TINITALY 1.1 DEM 10 m © INGV (CC BY 4.0, doi:10.13127/tinitaly/1.1), Ortofoto AGEA 2012 — Geoportale Nazionale (PCN)",
  "centerLonLat": [
    10.7578,
    45.8955
  ],
  "centerProjected": [
    636365.8899316856,
    5083939.235982633
  ],
  "projection": "EPSG:32632",
  "bboxProjected": [
    612766.8899316856,
    5062218.235982633,
    659964.8899316856,
    5105660.235982633
  ],
  "extentMetersX": 47198,
  "extentMetersZ": 43442,
  "gridSizeX": 4608,
  "gridSizeZ": 4224,
  "minElevation": 22.835676973434197,
  "maxElevation": 2999.015855036445,
  "cornersLonLat": {
    "sw": [
      10.448635617593649,
      45.704333623061764
    ],
    "se": [
      11.054619175210021,
      45.69503998336114
    ],
    "nw": [
      10.458838490999675,
      46.0952074328694
    ],
    "ne": [
      11.06908374144785,
      46.08578694110425
    ]
  }
}