{
  "source": "ČÚZK DMR 5G (airborne LIDAR), ČÚZK Ortofoto ČR",
  "centerLonLat": [
    14.197816,
    49.8878183
  ],
  "centerSJTSK": [
    -761744.346698254,
    -1062805.8777074777
  ],
  "bboxSJTSK": [
    -771744.346698254,
    -1072805.8777074777,
    -751744.346698254,
    -1052805.8777074777
  ],
  "extentMeters": 20000,
  "gridSize": 6144,
  "minElevation": 196.9389190673828,
  "maxElevation": 661.127197265625,
  "cornersLonLat": {
    "sw": [
      14.079631410531222,
      49.78619833066272
    ],
    "se": [
      14.354757962457551,
      49.81119314838566
    ],
    "nw": [
      14.04037658984436,
      49.964229062410006
    ],
    "ne": [
      14.316498065693057,
      49.98931582122772
    ]
  }
}